<?xml version="1.0" encoding="utf-8" standalone="yes"?>
<rss version="2.0" xmlns:atom="http://www.w3.org/2005/Atom">
  <channel>
    <title>Assignments on MIT OpenCourseWare</title>
    <link>/resources/assignments/</link>
    <description>Recent content in Assignments on MIT OpenCourseWare</description>
    <generator>Hugo -- gohugo.io</generator>
    <language>en-us</language><atom:link href="/resources/assignments/index.xml" rel="self" type="application/rss+xml" />
    <item>
      <title>Assignments</title>
      <link>/pages/assignments/data.json</link>
      <pubDate>Mon, 01 Jan 0001 00:00:00 +0000</pubDate>
      
      <guid>/pages/assignments/data.json</guid>
      <description>Problem Set 1 (PDF)
Problem Set 2 (PDF)
Problem Set 3 (PDF)
Problem Set 4 (PDF)
Problem Set 5 (PDF)
Problem Set 6 (PDF)
Problem Set 7 (PDF)
Problem Set 8 (PDF)
Problem Set 9 (PDF)
Problem Set 10 (PDF)</description>
    </item>
    
    <item>
      <title>ps1.pdf</title>
      <link>/resources/ps1/data.json</link>
      <pubDate>Mon, 01 Jan 0001 00:00:00 +0000</pubDate>
      
      <guid>/resources/ps1/data.json</guid>
      <description>This resource contains problem based on historical astronomy: fundamental length scales, Magnitudes (optical intensity).</description>
    </item>
    
    <item>
      <title>ps10.pdf</title>
      <link>/resources/ps10/data.json</link>
      <pubDate>Mon, 01 Jan 0001 00:00:00 +0000</pubDate>
      
      <guid>/resources/ps10/data.json</guid>
      <description>This resource contains problem based on mass loss rate in Roche lobe overflow, the thin disk approximation for accretion disks.</description>
    </item>
    
    <item>
      <title>ps2.pdf</title>
      <link>/resources/ps2/data.json</link>
      <pubDate>Mon, 01 Jan 0001 00:00:00 +0000</pubDate>
      
      <guid>/resources/ps2/data.json</guid>
      <description>This resource contains problem based on blackbody radiation, Saha equation.</description>
    </item>
    
    <item>
      <title>ps3.pdf</title>
      <link>/resources/ps3/data.json</link>
      <pubDate>Mon, 01 Jan 0001 00:00:00 +0000</pubDate>
      
      <guid>/resources/ps3/data.json</guid>
      <description>This resource contains problem based on Radiation pressure and the Eddington limit.</description>
    </item>
    
    <item>
      <title>ps4.pdf</title>
      <link>/resources/ps4/data.json</link>
      <pubDate>Mon, 01 Jan 0001 00:00:00 +0000</pubDate>
      
      <guid>/resources/ps4/data.json</guid>
      <description>This resource contains problem based on uniqueness of solutions to the stellar structure equations, properties of polytropic stars.</description>
    </item>
    
    <item>
      <title>ps5.pdf</title>
      <link>/resources/ps5/data.json</link>
      <pubDate>Mon, 01 Jan 0001 00:00:00 +0000</pubDate>
      
      <guid>/resources/ps5/data.json</guid>
      <description>This resource contains problem based on lower and upper main sequence stars, evolution on the red giant branch, core helium flash in red giants.</description>
    </item>
    
    <item>
      <title>ps6.pdf</title>
      <link>/resources/ps6/data.json</link>
      <pubDate>Mon, 01 Jan 0001 00:00:00 +0000</pubDate>
      
      <guid>/resources/ps6/data.json</guid>
      <description>This resource contains problem based on properties of a white dwarf, white dwarf cooling, cosmochronology with white dwarfs.</description>
    </item>
    
    <item>
      <title>ps7.pdf</title>
      <link>/resources/ps7/data.json</link>
      <pubDate>Mon, 01 Jan 0001 00:00:00 +0000</pubDate>
      
      <guid>/resources/ps7/data.json</guid>
      <description>This resource contains problem based on energy released in supernova core collapse, nuclear statistical equilibrium, trajectories near a black hole.</description>
    </item>
    
    <item>
      <title>ps8.pdf</title>
      <link>/resources/ps8/data.json</link>
      <pubDate>Mon, 01 Jan 0001 00:00:00 +0000</pubDate>
      
      <guid>/resources/ps8/data.json</guid>
      <description>This resource contains problem based on incompressible fluid model for a neutron star, internal structure of neutron stars, Maximum rotation rate of a pulsar.</description>
    </item>
    
    <item>
      <title>ps9.pdf</title>
      <link>/resources/ps9/data.json</link>
      <pubDate>Mon, 01 Jan 0001 00:00:00 +0000</pubDate>
      
      <guid>/resources/ps9/data.json</guid>
      <description>This resource contains problem based on supernova explosion in a binary system, changes in orbital separation due to mass transfer, magnetospheric radius of an X-ray pulsar.</description>
    </item>
    
  </channel>
</rss>
