<?xml version="1.0" encoding="utf-8" standalone="yes"?>
<rss version="2.0" xmlns:atom="http://www.w3.org/2005/Atom">
  <channel>
    <title>Readings on MIT OpenCourseWare</title>
    <link>/resources/readings/</link>
    <description>Recent content in Readings on MIT OpenCourseWare</description>
    <generator>Hugo -- gohugo.io</generator>
    <language>en-us</language><atom:link href="/resources/readings/index.xml" rel="self" type="application/rss+xml" />
    <item>
      <title>Readings</title>
      <link>/pages/readings/data.json</link>
      <pubDate>Mon, 01 Jan 0001 00:00:00 +0000</pubDate>
      
      <guid>/pages/readings/data.json</guid>
      <description>Textbooks Hansen, Carl J., Steven D. Kawaler, and Virginia Trimble. Stellar Interiors: Physical Principles, Structure and Evolution. New York, NY: Springer, 2004. ISBN: 9780387200897.
Carroll, Bradley W., and Dale A. Ostlie. An Introduction to Modern Astrophysics. Reading, MA: Addison-Wesley Pub., 1995. ISBN: 9780201547306.
Kippenhahn, Rudolf, and Alfred Weigert. Stellar Structure and Evolution. New York, NY: Springer-Verlag, 1990. ISBN: 9780387502113.
Shapiro, Stuart L., and Saul A. Teukolsky. Black Holes, White Dwarfs, and Neutron Stars.</description>
    </item>
    
  </channel>
</rss>
