{
  "title":"8-901s06.jpg",
  "description": "An artist's vision of an exotic binary system illustrates how matter is drawn from the roughly solar-mass star into the black hole. (Image courtesy of M. Weiss (CXC), NASA on the Astronomy Picture of the Day Web site.)",
  "file": "/courses/8-901-astrophysics-i-spring-2006/9a67f4cef2d9dbe9258bd862f4145b02_8-901s06.jpg",
  "learning_resource_types": [],
  "resource_type": "Image",
  "file_type": "image/jpeg",
  "image_metadata": {"caption":"An artist's vision of an exotic binary system illustrates how matter is drawn from the roughly solar-mass star into the black hole. (Image courtesy of M. Weiss (CXC), NASA on the [Astronomy Picture of the Day](http://antwrp.gsfc.nasa.gov/apod/ap060701.html) Web site.)","credit":"","image-alt":"Picture of a star orbiting a black hole."}}
