{
  "title":"8-901s06-th.jpg",
  "description": "New image Upload",
  "file": "/courses/8-901-astrophysics-i-spring-2006/8ad7611a631e54d470964806f9fd0425_8-901s06-th.jpg",
  "learning_resource_types": [],
  "resource_type": "Image",
  "file_type": "image/jpeg",
  "image_metadata": {"caption":"An artist's vision of an exotic binary system illustrates how matter is drawn from the roughly solar-mass star into the black hole. (Image courtesy of M. Weiss (CXC), NASA on the [Astronomy Picture of the Day](http://antwrp.gsfc.nasa.gov/apod/ap060701.html) Web site.)","credit":"","image-alt":"Picture of a star orbiting a black hole."}}
