{"04c9a762-93a7-0c26-d580-3c797586b675":"/pages/readings/data.json","19607514-42f3-446c-0854-a88a5f6a4c78":"/resources/ps4/data.json","24c95b18-28df-7faa-f321-9c7229389237":"/pages/syllabus/data.json","2b09512c-550e-e542-438d-52df9b3837f1":"/resources/ps8/data.json","342ecfa3-afc1-aad1-68f5-957e8167f822":"/resources/ps7/data.json","3be00d8f-eb60-af7e-fdf6-2202d83f4627":"/resources/ps5/data.json","494a7d71-5d3c-5a6a-6777-d4cb9e5519e9":"/pages/calendar/data.json","73bd12e1-817d-5266-3c8a-16385575b48f":"/resources/ps9/data.json","8287551b-d830-b992-ac1c-1c6295053bd6":"/resources/ps6/data.json","8ad7611a-631e-54d4-7096-4806f9fd0425":"/resources/8-901s06-th/data.json","932b82d8-6726-547f-ef58-d30b27bd602c":"/pages/assignments/data.json","9a67f4ce-f2d9-dbe9-258b-d862f4145b02":"/resources/8-901s06/data.json","9d2060b7-93ec-3a34-dacd-02dd885b3044":"/resources/ps2/data.json","b00b9dca-f02c-a1f6-500e-a0c672213a7f":"/resources/ps10/data.json","f46043a0-0498-843b-2046-15ceb8af221d":"/resources/ps3/data.json","fc974868-b05d-c2f2-912d-e41d02b7c8a6":"/resources/ps1/data.json"}