{
  "course_title":"Astrophysics I",
  "course_description":"This course provides a graduate-level introduction to stellar astrophysics. It covers a variety of topics, ranging from stellar structure and evolution to galactic dynamics and dark matter.\n",
  "site_uid":"c263d112-c29d-4108-95f0-618b7f92fcf6",
  "legacy_uid":"48009d69-3ebc-fa06-6ff5-e7d2023f7367","instructors": [{
    "first_name":"Deepto",
    "last_name":"Chakrabarty",
    "middle_initial":"",
    "salutation":"Prof.",
    "title":"Prof. Deepto Chakrabarty"}],"department_numbers":["8"],
  "learning_resource_types":["Problem Sets"],
  "topics":[["Science","Physics","Astrophysics"]],
  "primary_course_number":"8.901",
  "extra_course_numbers":"",
  "term":"Spring",
  "year":"2006",
  "level":["Graduate"],
  "image_src":"./static_resources/9a67f4cef2d9dbe9258bd862f4145b02_8-901s06.jpg",
  "course_image_metadata":{"content_type":"resource","description":"An artist's vision of an exotic binary system illustrates how matter is drawn from the roughly solar-mass star into the black hole. (Image courtesy of M. Weiss (CXC), NASA on the Astronomy Picture of the Day Web site.)","draft":false,"file":"/courses/8-901-astrophysics-i-spring-2006/9a67f4cef2d9dbe9258bd862f4145b02_8-901s06.jpg","file_type":"image/jpeg","image_metadata":{"caption":"An artist's vision of an exotic binary system illustrates how matter is drawn from the roughly solar-mass star into the black hole. (Image courtesy of M. Weiss (CXC), NASA on the [Astronomy Picture of the Day](http://antwrp.gsfc.nasa.gov/apod/ap060701.html) Web site.)","credit":"","image-alt":"Picture of a star orbiting a black hole."},"iscjklanguage":false,"learning_resource_types":[],"license":"https://creativecommons.org/licenses/by-nc-sa/4.0/","ocw_type":"OCWImage","resourcetype":"Image","title":"8-901s06.jpg","uid":"9a67f4ce-f2d9-dbe9-258b-d862f4145b02"}}

